,080623_THP_SQ_WT_mock,080623_THP_SQ_TAP1_KO_mock,080623_THP_SQ_WT_H37Rv,080623_THP_SQ_TAP1_KO_H37Rv
ALNEQIARL[+6],0.7406408594819033258,0.5266180270607537266,1.0,1.3087403195582875652
SLPEEIGHL[+6],0.6600857255892601597,0.5652907793485363725,1.0,2.6634421118271841926
AL[+7]ADGVQKV[-1],0.735833588060553542,0.64720975048328157714,1.0,1.5533417212992821679
