Peptide,WT mock,TAP1 KO mock,WT +H37Rv,TAP1 KO +H37Rv
LLDEGKQSL,0.00694446153217374351,0.0078025452947038488,1.0,0.0063341298998348888094
LLDAHIPQL,0.024537953524245571022,0.014569308132855922387,1.0,0.01535929009652543923
