,Compound,m/z,Intensity Threshold
91,SLDDYNHLV[+6],541.263275,6392640.640000001
35,GVYDGEEHSV[+6],549.24254,6229813.76
14,AMLGTHTMEV[+6],548.263906,6249352.32
28,GQVEIVTKV[+6],489.796754,1560028.96
56,KLDVGNAEV[+6],475.762911,9277205.120000001
98,SLQDLIEKV[+6],525.807318,645128.08
119,VLHDRIVSV[+6],522.315645,1847570.4000000001
42,HVDSTLLQV[+6],509.284011,5215341.76
84,SLADTNSLAVV[+6],548.299858,453910.12
70,RLLGTEFQV[+6],534.807653,827334.64
77,RTLAEIAKV[+6],503.818021,6555192.96
105,SLYSYFQKV[+6],570.802036,213832.38
63,KQVSDLISV[+6],497.794211,3433904.96
