,Compound,m/z,Intensity Threshold
7,ALFDGDPHL[+7],496.251481,2405471.2
49,KLADQYPHL[+7],364.536762,1390025.12
21,GLFDQHFRL[+7],380.540507,10000.0
0,ALDGGNKHFL[+7],360.196628,4877639.68
112,TLAEIAKVEL[+7],547.332471,662677.04
